ssn,name,race,country,sentence_length
877-31-7548,Grover Dadd,Guatemalan,Croatia,259
216-46-3737,Chastity Tansley,Japanese,Indonesia,278
302-95-1670,Aura Stormonth,Asian Indian,Russia,184
117-04-1503,Kaleb Howgego,Delaware,Estonia,16
635-02-7085,Milissent Dunmuir,Korean,Indonesia,198
479-44-0153,Blair Leinster,Thai,Russia,341
323-35-3471,Maynard Christophers,Mexican,Ethiopia,257
107-83-9499,Cyndi Lared,Melanesian,Indonesia,216
786-12-2153,Katherina Barbier,Bangladeshi,China,281
241-86-6604,Crissy MacAdam,Sioux,Nepal,357
665-24-3663,Carny Ormshaw,Cuban,France,332
348-33-7683,Melba Sidgwick,Native Hawaiian and Other Pacific Islander (NHPI),France,63
198-97-0187,Maximilien Falkingham,Guamanian,China,336
439-98-8860,Shayna Marjot,Peruvian,China,165
673-42-6907,Mikael Meric,Menominee,China,384
813-55-9765,Meriel Fairpo,Latin American Indian,Indonesia,188
636-04-5115,Minnie Ziehm,Tohono O'Odham,Venezuela,47
539-22-0357,Herb Austwick,Venezuelan,Paraguay,309
447-10-2859,Giacomo Bernardi,Kiowa,Indonesia,22
255-48-2575,Wini Pichmann,Eskimo,China,74
231-26-1088,Annalee Radnedge,Costa Rican,United States,97
643-63-4837,Saunderson Arndell,Dominican (Dominican Republic),Portugal,393
436-52-3666,Daphne Wasiel,Chilean,Argentina,342
420-04-4187,Archie Pedrollo,Thai,Sweden,249
144-65-6370,Roda Ovens,Pima,Indonesia,108
408-47-7387,Mildred Pautard,Choctaw,Botswana,32
898-98-2872,Carie Tiesman,Thai,China,277
286-59-3863,Ashlee Harcase,Taiwanese,Russia,231
132-77-9623,Tiertza Goosey,Peruvian,Zambia,169
764-29-8392,Rosene Faill,Yaqui,Russia,236
418-03-7288,Pebrook Toplis,Central American,Indonesia,369
184-46-2551,Winnie Zarb,Osage,Malaysia,326
622-72-9796,Andonis Leyshon,Chamorro,Thailand,225
658-83-0988,Sarge Dick,Paraguayan,Sweden,204
854-20-9596,Adoree Braithwait,Taiwanese,Russia,169
105-68-3020,Ertha Bodker,Shoshone,France,182
180-65-6152,Ranee Sinnie,Pueblo,El Salvador,10
717-53-9670,Libbi Whitehorne,Latin American Indian,Philippines,298
153-87-7593,Lorelle Stigers,American Indian and Alaska Native (AIAN),Turkmenistan,372
700-14-4004,Sheela Bleibaum,Yaqui,Belarus,380
739-19-0976,Legra Vlasov,Laotian,Indonesia,289
261-70-3951,Goran Hastin,Venezuelan,Indonesia,236
478-76-1040,Michaeline Ketteridge,Hmong,Brazil,329
350-32-5593,Jane Hamill,Japanese,Argentina,198
282-48-5334,Allis Hannen,Ottawa,Indonesia,284
742-76-7795,Amerigo Heintzsch,Japanese,Portugal,73
302-81-8243,Padgett Bernakiewicz,Micronesian,Czech Republic,137
673-44-8526,Celisse Benley,Bangladeshi,China,147
676-36-7735,Robena Burgett,Guatemalan,Afghanistan,144
850-22-6426,Lizzie Poles,Chilean,Indonesia,387
464-99-3995,Kathryne Buxam,Eskimo,Indonesia,175
818-41-8516,Regan Sidebotham,Yakama,Haiti,298
580-63-0357,Brockie Sweatman,Apache,Mauritius,328
571-49-6647,Maryl Snaddin,Delaware,Sweden,366
809-88-9794,Camala Coultous,Shoshone,Indonesia,65
567-13-5609,Paulina Hamper,Asian,China,108
618-24-4986,Jaclin Darnborough,White,France,381
730-38-4498,Clayborne Blazewski,White,Honduras,184
247-25-4462,Terrell Merrell,Micronesian,Serbia,58
685-95-7630,Saunderson Surgey,Guamanian,China,108
173-80-2539,Alayne Dowse,Seminole,Indonesia,282
623-58-9103,Domini Boichat,American Indian and Alaska Native (AIAN),Argentina,301
211-63-8541,Will McPhaden,Cherokee,Japan,175
835-90-6144,Joanna Strachan,Choctaw,Indonesia,100
216-34-6674,Flss Stronack,White,Indonesia,227
674-81-2758,Andriana Beddon,Kiowa,Panama,294
195-52-8976,Alvie Firbank,Asian Indian,United States,251
196-36-5909,Benson Manz,Blackfeet,Venezuela,252
605-94-1699,Maryann North,Chippewa,Azerbaijan,102
775-85-8083,Claudian Causon,Chilean,Serbia,215
585-12-9269,Crystal Chesnay,Yaqui,Argentina,269
735-96-5405,Kaspar Bowes,Menominee,Poland,128
723-58-1377,Maurie Frankcombe,Indonesian,Mauritius,350
165-05-1577,Carlee Filov,Ottawa,Indonesia,141
113-15-4136,Archibaldo Limer,Crow,Kazakhstan,152
612-81-1172,Renault Gannicleff,Ecuadorian,Venezuela,359
616-04-0107,Ashlin Kuschke,Crow,Russia,322
362-66-1441,Cacilia Oldham,Central American,Poland,208
840-46-0013,Kelby Dinsmore,Osage,Albania,1
582-06-5947,Corine Jent,Kiowa,Vietnam,317
680-54-9135,Amalea Abendroth,Seminole,China,123
867-52-2341,Liza Cabel,Latin American Indian,China,260
466-34-2047,Marthe Cunniffe,Samoan,China,218
306-02-4265,Julietta Martinot,Ottawa,France,151
777-42-2300,Bette Demonge,Houma,Benin,251
757-64-5458,Parke Angric,Chamorro,Poland,343
889-09-0717,Denys Alenikov,Sioux,Czech Republic,13
614-89-7577,Shannah Chowne,Kiowa,Poland,330
877-86-3380,Jed Vedeneev,Argentinian,Indonesia,204
858-73-6863,Patin McIlvenny,Navajo,Malawi,196
810-99-7331,Phedra Outibridge,Dominican (Dominican Republic),Russia,66
660-46-3451,Sheree Vautier,Honduran,Russia,240
452-46-1550,Cristin Curl,Indonesian,China,100
393-65-5671,Filide Biesterfeld,Taiwanese,Sweden,172
555-77-4294,Dougie Tomowicz,Navajo,Somalia,201
663-64-0856,Fancie Sherburn,Chickasaw,China,155
208-69-9389,Gerome Paulisch,Delaware,Russia,281
358-86-0449,Alvie Growcott,Mexican,Panama,60
414-97-5006,Alida Durdy,Osage,Japan,222
730-67-5173,Jae Cottrill,Sioux,Japan,68
323-31-9413,Rouvin Rimbault,Bangladeshi,Vanuatu,25
200-81-8975,Jaymie Dudeney,Cuban,China,180
658-87-6039,Vin Wollen,Creek,Japan,272
827-11-3869,Kalvin Chasson,Eskimo,Thailand,98
408-86-1088,Brynn Lambden,Yuman,Ecuador,54
140-94-6088,Roanna Crinidge,Argentinian,Brazil,229
227-11-0441,Art Lanston,Menominee,Poland,341
835-29-4705,Antonino Gillaspy,Ottawa,Japan,358
197-09-9680,Dannie Matitiaho,Sioux,China,75
687-42-9430,Barrett Moyle,Nicaraguan,Ireland,390
672-57-1479,Forbes Prinne,Puerto Rican,Indonesia,313
160-96-4752,Claudell Ainslie,Spaniard,Lesotho,56
866-76-7045,Salaidh McConnachie,Delaware,China,107
373-06-9710,Betsey Hefner,Venezuelan,China,255
480-95-5760,Sophey Welch,Thai,Guatemala,15
169-48-3730,Kathryn Phin,Bangladeshi,Russia,252
373-97-7508,Park Eul,Samoan,Slovenia,391
417-70-3645,Dallon Agent,Menominee,Canada,153
729-05-5461,Sybille Cressor,Chinese,Bangladesh,93
400-92-9589,Marnia Kaaskooper,Paiute,China,395
773-21-7362,Jamison Craigmyle,Chilean,China,92
369-26-0156,Alessandro Arndtsen,Cheyenne,Indonesia,361
857-20-8231,Mohandis O'Luby,Colville,Russia,78
130-96-0075,Nina Farrear,Mexican,Tanzania,321
311-90-8849,Jock Cahan,Tongan,China,42
494-06-3207,Ole Spracklin,Native Hawaiian and Other Pacific Islander (NHPI),Brazil,304
371-07-1679,Elvin Sprowles,Fijian,Canada,46
446-42-0136,Franciskus Hedney,Fijian,Dominican Republic,73
107-78-5644,Sheba Le Strange,Choctaw,Japan,364
128-77-2972,Roxi Drakeford,Guamanian,Ukraine,340
863-07-1898,Stacy Roostan,Yaqui,China,342
539-57-9110,Dmitri Cottill,Cuban,Bosnia and Herzegovina,114
411-41-0884,Dennis Lepere,Chamorro,Indonesia,56
707-02-7334,Graeme Michelle,Argentinian,Indonesia,173
865-02-5109,Ramsey Quade,Argentinian,Norway,168
222-75-2211,Clarine Labrone,Colombian,Uganda,1
744-62-7204,Cristine Amar,Thai,Russia,389
145-36-7619,Gregg Bogue,Central American,Netherlands,89
367-70-7295,Lenette Tole,Choctaw,China,208
754-90-2540,Rosella Pulley,Tongan,China,292
695-30-5231,Carmel Climpson,Korean,Philippines,150
212-53-4951,Cletis Chagg,Apache,Indonesia,148
885-42-0930,Arleyne Spancock,Lumbee,France,377
850-54-7949,Loutitia O'Sculley,Vietnamese,China,64
859-75-5344,Vere Slyne,Puerto Rican,China,327
844-08-9479,Joel Oates,Paiute,Saudi Arabia,39
314-68-8355,Kiersten Harness,Uruguayan,Peru,100
763-15-2945,Wyndham Petras,Polynesian,Russia,316
321-39-1846,Tracee Riepel,Tohono O'Odham,Indonesia,128
202-55-9428,Modesty O'Donohue,Sioux,Indonesia,92
236-48-0161,Jerrylee Clemens,Cheyenne,Brazil,69
233-73-6613,Kelsy Maytom,Laotian,Cameroon,334
882-60-5693,Des Alexandrou,Potawatomi,Poland,240
738-49-3185,Freida Nagle,Black or African American,Sweden,71
298-06-7503,Adrien Sarre,Ecuadorian,Russia,199
840-80-6319,Felizio Watman,Delaware,Honduras,296
116-31-7998,Misty Sherrington,Apache,Philippines,60
859-92-8396,Sawyere Normansell,Latin American Indian,Nigeria,283
146-05-9237,Gerald Jenking,Dominican (Dominican Republic),China,114
229-36-3840,Willie Carn,Bangladeshi,Argentina,333
397-80-0579,Effie Lippitt,Thai,Russia,141
370-92-3924,Ivett Vost,Thai,Cuba,192
421-45-9861,Joel Ellwood,Cree,Philippines,241
403-64-0121,Elysia Hunte,Taiwanese,Vietnam,119
846-89-9894,Brion Popplewell,Thai,Russia,123
558-93-0752,Olia Gaye,Guamanian,Albania,114
275-55-0380,Orlando Pennazzi,Chamorro,Indonesia,114
129-99-9619,Kimberley Burgwin,Osage,China,212
174-82-7560,Jeth Springate,Black or African American,France,35
367-34-3520,Kellen Dyble,Comanche,Russia,330
395-80-7197,Min Westfalen,Argentinian,China,68
348-87-9224,Emmalynn McCroft,Latin American Indian,China,120
105-22-4391,Bearnard Domaschke,Cree,China,94
731-34-5612,Lane Varren,Tlingit-Haida,Indonesia,373
789-93-9061,Mahmud Abrashkov,Fijian,Poland,121
228-28-2701,Dee dee Gladden,Shoshone,Argentina,54
324-66-8532,Theresa Blessed,Mexican,Czech Republic,114
298-97-3189,Alvie Whales,Chilean,Portugal,356
604-77-4577,Liana Beckers,Cheyenne,Nigeria,120
704-70-5803,Brigitte Tutton,Aleut,Peru,67
220-91-5657,Etty Lots,Nicaraguan,Brazil,362
425-15-3010,Gui Itzakson,Dominican (Dominican Republic),Portugal,283
248-43-4398,Barbette Leckie,Laotian,Honduras,247
792-31-1037,Emelyne Bates,Guamanian,Poland,43
686-34-0447,Kirbie Degenhardt,South American,Mexico,139
168-26-1364,Sheelah Allsobrook,Pakistani,Russia,157
262-78-4096,Maryann Dearan,Iroquois,Poland,213
294-49-4053,Cordelia Greenin,Yakama,Lithuania,68
165-75-1857,Christy Coopland,Filipino,South Korea,84
202-40-2843,Rochella Sondland,Lumbee,Tanzania,350
752-30-7939,Annabel Cleeves,Yuman,China,309
876-80-4780,Gwennie MacGuffie,Paraguayan,Philippines,148
278-62-7879,Maximilianus Serridge,Ecuadorian,Indonesia,130
784-54-5394,Denney Iskower,Chinese,France,376
391-87-0013,Chickie Philler,Cuban,France,242
826-42-6372,Wilbur Levitt,Spaniard,Kenya,147
150-04-9644,Edy Truse,Micronesian,Serbia,119
213-41-9128,Desdemona Drew,Tohono O'Odham,Russia,345
386-21-5954,Phillip Patters,Choctaw,Sierra Leone,195
833-11-6243,Valerye Bucham,Panamanian,United States,1
898-10-2065,Astrix Badder,Cheyenne,Japan,148
728-40-5788,Judy Acedo,Pakistani,Bangladesh,391
587-85-9075,Ollie Pedersen,Delaware,Brazil,332
702-08-6685,Isa Gottschalk,Yakama,China,170
789-29-9393,Kaylee Sall,Sioux,Cuba,222
447-56-7825,Elka O'Farrell,Bangladeshi,Cameroon,139
672-90-6384,Laurette Giffard,Salvadoran,France,64
879-37-5585,Ingunna Snuggs,Asian Indian,Brazil,295
770-49-7689,Osmund Chance,Pueblo,Mexico,49
154-30-0688,Aharon Asbury,Pueblo,Brazil,114
314-46-0866,Lindy Aleksandrov,Aleut,Mauritius,64
401-89-7147,Hamnet Pedgrift,Bolivian,Indonesia,10
187-51-8075,Reggi Greenrde,Paiute,China,350
685-04-8210,Giffard Karby,Tongan,Netherlands,297
224-81-2319,Ninette Algie,Aleut,Pakistan,200
109-42-3677,L;urette Challenor,Korean,Indonesia,186
143-52-7334,Martie Braksper,Micronesian,China,165
795-18-3300,Deana Enders,Colville,Palestinian Territory,221
381-82-5501,Ivar Alexander,Asian,Czech Republic,194
349-53-1791,Truda Gault,Venezuelan,Japan,93
797-56-5355,Lorrin Walburn,Creek,Philippines,364
447-49-1571,Jolee Sanbrook,Black or African American,China,216
428-11-2433,Penelopa Evett,Pueblo,Mexico,132
276-26-2765,Willi Kindon,Indonesian,Indonesia,71
799-39-8251,Tiffany Luto,Spaniard,Canada,391
427-75-5783,Allen Scrauniage,Tongan,Brazil,33
532-20-6910,Vanya Pidgeon,Venezuelan,Syria,118
748-21-0122,Seumas Ruddoch,Black or African American,China,168
122-04-7807,Monti Menezes,Pakistani,Russia,20
582-20-0050,Isidore Segrave,Indonesian,Indonesia,304
436-57-4537,Dorri Southey,Korean,Sweden,130
859-54-9877,Biddie Lowrance,Puget Sound Salish,Haiti,293
551-05-2401,Daile Bilney,Filipino,Czech Republic,320
411-39-2281,Hunter Fattorini,Guatemalan,China,310
376-84-7028,Hedi Faulkes,Chinese,Saudi Arabia,267
349-66-2681,Sol Bogie,Latin American Indian,Portugal,383
583-79-4690,Idette Clubb,Honduran,Portugal,383
141-40-4982,Shanan Gebhard,Puerto Rican,Philippines,197
806-12-6590,Dietrich Gendricke,Native Hawaiian and Other Pacific Islander (NHPI),Afghanistan,362
730-19-3463,Sarge Redfern,American Indian and Alaska Native (AIAN),France,90
384-99-5749,Wilden Scamwell,Pima,Argentina,36
433-69-3180,Mommy Sizeland,Thai,Peru,103
569-61-1560,Viviana Pennings,Peruvian,Iran,344
103-45-8360,Laurianne Thresh,Ecuadorian,France,79
653-13-9362,Gaelan Dibdale,Kiowa,China,19
334-76-7059,Candace Woodfield,Chilean,Russia,169
531-67-0482,Rickert Ludgrove,Alaskan Athabascan,Brazil,184
115-97-2967,Amargo Joinson,Tohono O'Odham,Russia,361
480-50-1851,Florri McGrann,Paiute,China,166
460-49-3668,Brear Jacobsson,Filipino,Kenya,316
868-42-1616,Rosabel MacScherie,Kiowa,France,58
436-95-1328,Hamilton Tester,Pakistani,Philippines,97
492-44-5925,Murvyn Labbett,Paiute,North Korea,8
625-83-9182,Myrtia Abrahamsohn,Tongan,Russia,116
806-29-3570,Hamish Drieu,Chilean,Malaysia,161
736-03-1714,Arri Spoure,Cheyenne,France,40
735-70-6694,Patton Ribeiro,Bolivian,Sweden,133
270-59-8546,Tamara Strangwood,Delaware,Greece,333
335-44-4845,Antoine Stirrup,Chickasaw,China,376
309-90-1912,Corie Dawidowitz,Laotian,Czech Republic,53
204-85-7979,Emmye Grigore,Argentinian,Sweden,202
100-54-5926,Chrystal Trillow,Cuban,Sweden,15
505-16-1043,Archibald Larraway,Cambodian,Indonesia,308
137-28-6910,Andris Coldbath,Ecuadorian,Belarus,348
348-90-5294,Munroe Moncarr,Polynesian,China,117
551-97-9731,Ebba Misson,Panamanian,Poland,57
735-32-4435,Tammie Lackmann,Iroquois,Venezuela,58
647-92-3466,Rasla Samwayes,Sri Lankan,United States,32
156-85-6770,Casey Salack,Paraguayan,Burkina Faso,253
703-05-0840,Dyan Jerger,Puget Sound Salish,China,171
350-61-2997,Dorella Marousek,Yuman,Netherlands,102
143-91-2240,Nevil Tunkin,Paiute,Czech Republic,333
545-21-1429,Latisha Lantry,Alaskan Athabascan,Croatia,350
283-99-8669,Leroi Sebring,Yaqui,France,326
129-16-0328,Frannie Wheatland,Korean,Azerbaijan,342
612-46-5551,Lora Hallgarth,Tlingit-Haida,Japan,82
721-73-0558,Daryn Meates,Panamanian,Sweden,91
718-34-4594,Consolata Rollason,Alaska Native,China,105
398-83-5560,Kristien Simmonite,Central American,Brazil,126
752-35-3361,Letty Stanlake,Delaware,Argentina,381
883-26-1896,Cally Byrth,Cambodian,China,273
760-62-8240,Max Agerskow,American Indian and Alaska Native (AIAN),China,27
454-32-4363,Huberto Dyter,Hmong,Norway,47
467-44-8538,Ilsa Kittiman,Creek,Philippines,75
510-04-1736,Isak Scawen,Potawatomi,Poland,387
122-87-6656,Conroy Incogna,Chinese,China,139
541-49-2648,Ly Loach,Aleut,Vietnam,49
420-97-5873,Cherianne Joselovitch,Venezuelan,Kazakhstan,154
276-22-0696,Sandor Holt,Blackfeet,Malaysia,257
839-55-0704,Xena Beamont,Cree,Sweden,201
499-11-0326,Thoma Kitchingman,Filipino,Indonesia,399
638-54-7709,Willey Sydall,Iroquois,Sweden,380
562-02-1237,Michaella Bartrop,Thai,Poland,158
488-38-4977,Staford Pavolillo,Korean,China,27
509-01-0732,Shawnee Reasce,Tongan,China,171
301-18-9631,Xaviera Jinda,Pueblo,Indonesia,209
240-13-7371,Jackquelin Geaves,Iroquois,Afghanistan,359
181-72-8845,Tye Vannoni,Paraguayan,Russia,395
797-78-2585,Clive Del Castello,Micronesian,Serbia,287
772-16-3144,Mary Dunthorn,Bangladeshi,Ecuador,74
736-98-0140,Skip Douse,American Indian,Poland,322
582-54-5145,Alyse Presland,Chamorro,Pakistan,308
824-70-0844,Ody Medendorp,Guamanian,Indonesia,233
332-82-7697,Crista Brookfield,American Indian,China,80
704-77-9297,Simone Jenney,Salvadoran,Serbia,155
841-05-9749,Abbey Shillito,Argentinian,Russia,4
172-99-5435,Ricardo Harroll,Cambodian,China,253
567-18-7515,Evie Spellsworth,Asian Indian,Bulgaria,223
366-43-0512,Taylor Endrizzi,Malaysian,Sweden,33
778-60-6016,Regina Siflet,Potawatomi,Mexico,128
653-98-4313,Andee Nilges,Creek,Chad,256
836-15-9636,Urbanus O' Driscoll,Yuman,Chile,13
151-42-7271,Ernesto Mulmuray,Colville,China,94
445-33-4167,Teena Atley,Seminole,Argentina,32
749-11-0192,Tori Malin,Uruguayan,Hungary,282
699-80-4718,Joyous Mountfort,Shoshone,China,217
637-76-8872,Pearla Rothschild,Chickasaw,Guatemala,184
278-59-2511,Arlene Aronoff,Mexican,Micronesia,128
242-77-1317,Emmey Polsin,Yakama,Brazil,149
233-67-1777,Barbra Dowrey,Crow,Russia,277
308-30-7892,Liane Baudoux,Panamanian,Sweden,374
580-13-1561,Etti Jaffa,Alaska Native,Colombia,206
662-68-9596,Bard Suscens,Tlingit-Haida,Belize,81
121-64-3923,Kata Breston,Yaqui,Indonesia,163
682-73-5519,Fidela Scarlet,Delaware,China,105
212-52-9933,Stephi Hallin,Aleut,Brazil,116
552-84-3934,Ricki Scotney,Filipino,China,137
109-74-4032,Monte Tree,Native Hawaiian,Sweden,3
185-14-8775,Adham Brett,White,Jamaica,95
182-71-2416,Cam Carse,Asian Indian,Tajikistan,62
312-37-7103,Alma Gouldie,Potawatomi,United States,270
215-07-2905,Agnese Aleshkov,Spaniard,China,175
205-63-1306,Gun Pettigree,Salvadoran,Nigeria,394
852-86-0057,Anne-corinne Infantino,Salvadoran,Nigeria,185
733-88-8151,Sibeal Longbottom,Sioux,Russia,128
741-36-3500,Micheil Clucas,Cuban,China,239
742-04-7892,Blakelee Clyne,Japanese,China,236
754-60-9007,Alonzo Jeannenet,South American,Indonesia,386
333-99-9193,Sasha Matusovsky,Panamanian,Argentina,183
525-05-3781,Myrtie Scritch,Kiowa,Mexico,252
811-67-4960,Michel McIvor,American Indian and Alaska Native (AIAN),Indonesia,399
876-65-7233,Birch Bussy,Puget Sound Salish,China,315
334-78-4920,Adela Stewartson,Puerto Rican,Syria,93
487-17-3411,Sandy Phidgin,Yuman,Philippines,343
689-55-5388,Jenelle Blakebrough,Lumbee,Afghanistan,280
115-72-4903,Frans Righy,Chilean,Bolivia,106
766-93-5232,Lay Gyenes,Sri Lankan,Brazil,379
227-28-8805,Genovera MacCourt,Mexican,Serbia,371
863-68-6930,Alwin Heinicke,Asian Indian,China,142
382-60-4949,Lisha Griffin,Korean,Portugal,217
539-60-1052,Gretta Gainseford,Fijian,France,84
573-89-1738,Currey Statersfield,Crow,Poland,13
299-26-2306,Clemmy Plant,Native Hawaiian,Indonesia,195
227-80-0088,Vidovik Wonham,Chippewa,Palestinian Territory,311
333-36-9892,Dacy Sarfati,Black or African American,Palau,103
763-21-8336,Cassondra Lyndon,Pima,China,13
445-56-2376,Julie Ravenscraft,Uruguayan,China,294
110-21-7798,Natalee Boyda,Spaniard,Palestinian Territory,129
816-92-8957,Noam McKenzie,Chilean,France,175
179-83-3718,Kalinda Odcroft,Sioux,Russia,340
335-86-9037,Isaak Seilmann,Panamanian,Brazil,271
328-36-6346,Abigail Gay,Chippewa,Indonesia,291
870-61-5399,Caye Schroder,Chippewa,Indonesia,392
890-38-9806,Neville Klimkov,Crow,Russia,333
351-81-5912,Bendicty Norssister,Sri Lankan,China,66
472-17-0733,Winny Cruise,Bolivian,Indonesia,139
380-40-8599,Aguste Delucia,Vietnamese,Netherlands,295
690-33-3591,Bernie Bertenshaw,Latin American Indian,Vietnam,289
814-13-8718,Gerard McFayden,Chickasaw,Indonesia,344
226-02-2153,Agnella Checketts,Native Hawaiian and Other Pacific Islander (NHPI),Argentina,289
507-29-9314,Kit Haddeston,Latin American Indian,Argentina,52
529-85-2301,Xavier Kolis,Yuman,Sweden,114
101-40-4170,Tandie Alldis,Mexican,Brazil,99
351-51-5411,Kania Coey,Seminole,China,37
489-07-3865,Elene Stollberg,Chamorro,Portugal,229
171-70-7178,Irvine Jacquot,Korean,Brazil,180
416-72-2810,Ody Pagitt,Vietnamese,China,103
272-77-3155,Yolane Gauntlett,Panamanian,Indonesia,207
637-16-8157,Grantham Drane,Taiwanese,Cameroon,27
214-79-5314,Waylon Dinis,Cambodian,Palestinian Territory,66
657-47-1293,Ezra Thompson,Sioux,South Korea,321
669-58-3658,Burnard Cometson,Yuman,Malaysia,172
519-60-1802,Brian Hubbart,Venezuelan,Jamaica,307
380-96-6208,Aube Sharvell,Comanche,Morocco,124
684-96-1374,Bevin Punt,Panamanian,Indonesia,259
139-86-5444,Chase Aguilar,Eskimo,Czech Republic,238
330-01-4506,Christin Gaither,Central American,Ukraine,305
548-29-3270,Maribelle Keddey,Sri Lankan,Niger,300
383-45-8991,Neal Troillet,Japanese,Indonesia,8
729-18-3312,Leighton Wasson,Ute,Colombia,56
594-58-1498,Ash Veare,Yaqui,Philippines,24
549-06-5764,Milena Plumstead,Alaska Native,Poland,234
500-50-6777,Madelina O'Kenny,Pueblo,Sudan,29
458-50-1479,Marylou Fergie,Korean,Armenia,334
636-15-1630,Kayla Ingolotti,Bangladeshi,Poland,142
870-66-9138,Suzanna Gowland,Vietnamese,Vietnam,379
893-99-3595,Maribel Milne,Fijian,France,273
545-39-8204,Kimberley Calderon,Yakama,Uganda,124
336-62-1779,Kimball Cowin,Tongan,Palau,133
281-20-2873,Brewer Leeburne,Ecuadorian,Vietnam,394
466-15-5205,Gal Breed,Yuman,United States,22
300-28-4199,Augustine McGroarty,Melanesian,Slovenia,154
694-50-4557,Udall Rubinowitch,Paiute,China,343
749-92-2125,Calley Lazell,Seminole,New Caledonia,79
889-26-9353,Richie Orriss,Apache,China,380
306-66-2991,Frederica Campey,Creek,Finland,168
398-57-4628,Filippo Monckman,Cuban,Russia,301
570-70-4132,Ezechiel Gate,Peruvian,Portugal,318
460-70-6565,Sharl Adshad,Alaska Native,El Salvador,276
445-61-8496,Linette Huddy,Navajo,Syria,181
864-69-2173,Ogdon Lightowlers,Hmong,Sweden,196
502-17-9174,Helga Gilbee,Uruguayan,Niger,144
862-07-2159,Viviyan Caldicot,Cambodian,Canada,118
715-61-0972,Fayth Uphill,Delaware,Poland,305
822-24-5746,Jenna Etridge,Argentinian,United States,43
541-05-6616,Siegfried Stenbridge,Asian,China,39
884-40-3444,Adoree Aluard,Osage,Russia,151
169-79-8645,Darnall Rosenzwig,Delaware,China,1
495-70-2027,Windham Willock,Sioux,Finland,359
238-33-6528,Elfrida Queste,Tongan,China,212
167-63-2916,Abbie Danford,Pakistani,Brazil,141
556-78-3606,Lonnard Bownas,Kiowa,Peru,341
139-28-4924,Latisha Caizley,Menominee,Mongolia,298
840-23-6684,Carmine Fulks,Lumbee,Russia,286
520-80-5428,Cirilo Rochford,Sri Lankan,Japan,115
658-91-0136,Gerick Bowle,Paiute,Cameroon,280
721-28-1273,Nealy Berston,Cherokee,Indonesia,144
233-27-4484,Ilysa Tuohy,Central American,China,218
544-69-8342,Parker Roller,Colombian,China,357
173-71-4145,Abe Menendez,Puget Sound Salish,Indonesia,239
355-55-4699,Ardine Kitchenside,American Indian and Alaska Native (AIAN),Poland,338
209-66-2976,Waverley Stucksbury,Yaqui,Pakistan,348
617-07-7353,Sauveur Zellner,Cuban,Azerbaijan,155
884-08-6422,Renate Waker,Indonesian,Poland,358
114-11-4948,Dot Oxenham,Tongan,Russia,204
533-13-9706,Christie Hurles,Cambodian,Poland,298
476-91-4874,Mil Tomeo,Thai,France,316
890-88-2988,Rolf Crossgrove,Delaware,Egypt,18
716-47-7449,Kirbie Amoss,Bangladeshi,United States,118
155-18-1442,Ingeborg McNerlin,Ecuadorian,China,156
394-54-8551,Charita Croci,Puerto Rican,Slovenia,83
332-46-0811,Ardra Klyner,Tohono O'Odham,Indonesia,139
492-36-9314,Belia Sollom,Argentinian,China,395
212-63-6896,Mohandis Ghelarducci,Choctaw,Indonesia,302
493-03-6463,Prescott Surr,Costa Rican,China,23
149-41-5863,Rorie Riddoch,Vietnamese,Jamaica,93
193-73-0197,Elvin Jeffels,Seminole,Sweden,126
520-10-5999,Birch Thumann,Laotian,Portugal,230
357-53-6562,Marie Hasley,Chilean,Portugal,89
192-03-6794,Danyette Ibbetson,Menominee,China,396
416-16-7910,Catharine Carslake,Fijian,United States,134
422-52-5936,Ardath Boag,American Indian,Indonesia,395
654-89-6811,Grissel Paydon,Latin American Indian,France,67
465-71-6832,Claresta Elvins,Chippewa,Swaziland,330
715-11-2365,Carrol Gustus,Bangladeshi,Nigeria,216
646-24-7929,Aretha Pietroni,Japanese,Finland,392
342-05-8193,Abbie Rushbury,Dominican (Dominican Republic),China,215
369-81-6714,Mathilde Kosiada,Pima,Poland,27
875-60-3323,Maurene Bensley,Native Hawaiian and Other Pacific Islander (NHPI),Ghana,70
321-05-4929,Ollie Lehrer,Puerto Rican,Morocco,399
711-96-3926,Lorenzo Rushton,Seminole,United States,101
618-33-0159,Annelise Gearing,Salvadoran,Poland,392
242-85-5303,Eddy Ryles,Osage,South Africa,103
814-89-8822,Dwayne Barlass,Samoan,Canada,283
115-39-7473,Jesse McKiddin,Polynesian,Russia,157
284-45-7152,Dinnie Fraczak,Honduran,France,74
777-82-3345,Lalo Jiroutek,Potawatomi,Poland,312
431-29-3847,Correy Thorsen,Peruvian,Iran,320
461-18-7875,Woody Warlaw,Nicaraguan,Peru,298
187-07-3840,Elsworth O'Dwyer,Tohono O'Odham,Ukraine,296
543-99-6234,Chen Bollin,Puerto Rican,Indonesia,313
609-53-9418,Berti Brameld,Puget Sound Salish,Honduras,260
891-30-2074,Zebedee Yearn,Chickasaw,Indonesia,187
892-10-1509,Debi Cosgrive,Thai,Greece,297
441-04-0296,Clywd Eastup,Osage,France,1
367-25-2162,Letti Jevon,Venezuelan,United States,387
518-37-5262,Sarena Kleinhandler,Chilean,United States,124
739-63-3331,Leonid Daulby,Hmong,Pakistan,19
299-59-4713,Briggs Pikett,Tongan,Russia,50
331-34-3987,Nanete Wiltsher,Paiute,Indonesia,251
399-79-0116,Duane Rennenbach,Yaqui,China,88
149-49-1008,Harriet Guthrie,Indonesian,Spain,312
876-45-0201,Austina Spiniello,Puerto Rican,United States,53
492-75-6583,Elizabeth Roy,Navajo,Brazil,159
542-57-5265,Dalila Kopman,Ute,Greece,138
643-85-1218,Joannes Oldroyde,Aleut,Sweden,178
440-15-5122,Shantee Morkham,Guatemalan,Lithuania,307
234-53-8351,Arty Boule,Asian Indian,Panama,308
486-65-7122,Shanan Threadkell,Cheyenne,China,34
247-84-9388,Gabby Driffield,Yuman,France,195
585-81-6669,Jabez Borton,Comanche,Canada,122
655-53-0321,Ramon Clowton,Menominee,Russia,298
821-44-1465,Sharai Purle,Aleut,Ethiopia,88
177-76-3896,Juanita Rostern,Tlingit-Haida,China,276
216-05-9184,Emlynn Issett,South American,Brazil,344
114-18-7208,Albertina Daspar,Micronesian,Philippines,316
867-81-7994,Lem Fessler,Polynesian,China,8
275-65-6154,Stern Gabb,Cuban,China,328
534-74-6626,Gradey Beckensall,Seminole,Honduras,327
685-39-3956,Kizzee Ximenez,Costa Rican,France,298
315-56-4495,Brina Henke,American Indian and Alaska Native (AIAN),Nigeria,246
784-23-8757,Darlene Bonhan,Choctaw,Kyrgyzstan,367
547-53-7177,Helga Blasgen,Chinese,China,191
665-91-4037,Ilyse Dorin,Asian Indian,China,171
886-21-0402,Kanya Gething,Dominican (Dominican Republic),China,151
727-63-5912,Lucais Vanichev,Paiute,Portugal,116
157-55-9882,Adora Esche,Ecuadorian,Vietnam,18
259-33-4120,Margalo Cejka,Tlingit-Haida,Afghanistan,68
821-33-3711,Diandra Bernat,Asian Indian,Indonesia,286
351-47-6186,Howey Steinham,Argentinian,Guatemala,138
634-78-4104,Laetitia Vittel,Chickasaw,Peru,315
110-28-6889,Salli Colliss,Shoshone,Indonesia,375
173-32-1149,Gloriana Espinha,Cherokee,China,150
542-48-4819,Anabal Gillbe,Cheyenne,Croatia,70
261-24-3808,Koren Ablott,Yaqui,Czech Republic,232
703-12-8425,Marlowe Eyre,Houma,Costa Rica,235
547-77-6143,Ellynn Jacobsohn,Ute,Indonesia,135
587-09-0844,Crin Benech,Shoshone,Indonesia,78
134-64-3417,Dorey Benoy,Houma,Indonesia,79
135-24-6236,Morly Diable,Osage,Portugal,81
881-02-6998,Cindee Hutcheons,American Indian,Brazil,317
827-29-1770,Debee MacDougal,Fijian,Indonesia,2
560-24-2508,Damaris Cardenosa,Salvadoran,Panama,83
224-70-2341,Jessamyn Absolon,Venezuelan,Botswana,110
650-82-2359,Annie Dewey,Kiowa,Kenya,355
836-61-4296,Carena Esel,Iroquois,Nigeria,313
841-33-0053,Anya Brookshaw,Latin American Indian,Ukraine,274
455-38-1456,Arlen Izkovitz,Puerto Rican,Argentina,256
568-53-4627,Adelheid Wonfar,Yakama,Portugal,255
412-05-2404,Guillermo Murie,Paraguayan,Netherlands,307
839-37-7026,Elayne Myrie,Argentinian,Brazil,392
244-29-6233,Flori Pegram,Puerto Rican,Brazil,156
132-88-5678,Antonius Bris,Fijian,Argentina,399
574-61-6320,Boonie Beall,Japanese,United States,292
821-78-7579,Beauregard Pevsner,Japanese,Benin,60
495-02-1248,Kipp Bohike,Alaskan Athabascan,Philippines,174
814-70-7447,Peter Stallan,Cambodian,Brazil,234
337-98-9267,Wainwright Pitchers,Indonesian,China,204
823-90-0105,Andres Shaw,Tlingit-Haida,China,334
716-31-1772,Gary Goodwill,Salvadoran,China,252
577-39-0059,Shurlock Saben,Asian Indian,Colombia,206
305-77-5199,Leonore Leipoldt,Vietnamese,Mexico,23
128-45-8097,Edmund Shwalbe,American Indian,Kazakhstan,380
844-99-4336,Ynes Crimmins,Panamanian,Sweden,1
446-68-0851,Maighdiln Ebbin,Potawatomi,Mexico,43
501-37-4256,Nickolai Nathon,Kiowa,France,272
363-66-4349,Twyla Kwietak,Cuban,Mexico,71
241-26-9549,Kellia Denerley,Cuban,China,1
116-82-5326,Hasty Corbridge,Sioux,France,193
160-03-7360,Felicia Cuesta,Cree,Bosnia and Herzegovina,312
360-64-2945,Pascal Bilton,Indonesian,Indonesia,391
689-74-3376,Cecil Zottoli,Peruvian,China,49
462-07-6597,Sonya Hibling,Laotian,China,360
256-51-0368,Farica Napoleon,Asian Indian,Russia,283
370-47-5851,Blair Whiteland,Colville,Afghanistan,83
114-17-9874,Trumaine Boase,Peruvian,France,93
123-44-7723,Joann Maggiori,Seminole,China,334
476-78-6814,Holly Boundley,Laotian,France,262
810-38-1572,Hesther Petrushkevich,Houma,Indonesia,385
871-37-2407,Sky Ronchetti,Nicaraguan,China,396
680-92-9864,Don Goldin,Pima,Syria,63
708-19-7639,Neila Brandassi,Peruvian,Bahrain,28
222-23-7349,Marcos Crassweller,Polynesian,France,272
114-11-7844,Raine Gilding,Taiwanese,China,215
732-12-7229,Otes Ridwood,Chinese,France,172
142-74-6133,Shannen Terzza,Cambodian,Brazil,256
768-49-7339,Brock Eixenberger,American Indian,Indonesia,111
504-62-0686,Claretta Swindles,Chippewa,Greece,102
173-04-5897,Lissie Schettini,Argentinian,Philippines,192
534-04-3141,Fremont Bowling,Puerto Rican,Colombia,249
579-10-9314,Mahmoud Terran,Yaqui,China,352
158-29-5225,Culver Gravestone,Fijian,Syria,375
772-73-9940,Daria Weeks,Chickasaw,Ireland,3
707-01-7412,Daisi Kuhnke,Central American,Russia,148
817-67-1873,Rey Alekseev,Japanese,China,235
708-89-3636,Astra Putley,Choctaw,Costa Rica,322
599-54-8211,Lynda Ferrandez,Taiwanese,Palestinian Territory,240
193-53-0304,Lissy Jaan,Malaysian,Poland,310
290-66-6934,Essy Sharp,Spaniard,China,165
296-60-2403,Lauritz Mallender,Bangladeshi,Honduras,164
402-92-2031,Sybil Gwatkin,Japanese,Canada,390
198-41-3296,Lancelot MacDiarmond,South American,Russia,381
865-41-6616,Zea Janusik,Crow,Saudi Arabia,314
368-45-7770,Kaitlyn Torn,Pueblo,Sweden,194
787-32-5828,Hedda Minnis,Colombian,Sweden,371
703-50-2951,Wat Snoddy,Yakama,Portugal,32
881-86-2480,Daile Amey,Kiowa,Netherlands,2
325-56-7388,Radcliffe McCallister,American Indian and Alaska Native (AIAN),Peru,271
460-80-3248,Nicolai Wardle,Osage,Israel,159
252-06-2264,Ruddie Gumey,Dominican (Dominican Republic),Japan,25
182-99-4142,Ivie Middleton,Cree,United States,161
667-78-7095,Sidonia Borchardt,Kiowa,Kazakhstan,9
739-69-0643,Jonathan MacCard,Pueblo,Luxembourg,285
130-13-1733,Farrand Crunkhorn,Shoshone,Indonesia,98
128-36-6388,Tyson Thorsen,Native Hawaiian,Sweden,135
483-91-5998,Abba Hayto,Crow,Philippines,320
114-67-6766,Laraine Horsfield,American Indian and Alaska Native (AIAN),Ukraine,340
410-22-6027,Jordain Reston,Polynesian,Philippines,388
282-30-9078,Huntley Wallbanks,Colville,Japan,180
268-21-7850,Vanya Thrift,Sri Lankan,China,228
136-51-3450,Sapphira Roote,Menominee,Laos,159
101-62-3620,Adena Bento,Osage,Sierra Leone,102
439-02-4199,Carey Haslin,Tohono O'Odham,Azerbaijan,200
273-84-1553,Andrej Mogie,Honduran,Serbia,251
491-18-2948,Fraze Dellenbroker,Alaska Native,Indonesia,266
435-55-5912,Harald Tumelty,Vietnamese,Indonesia,271
706-93-5077,Jessalyn Arton,Cree,Brazil,291
837-50-2289,Titos Chapell,Puget Sound Salish,Finland,116
504-88-0538,Worden Klaffs,Malaysian,Argentina,352
347-01-8336,Farlay Dodding,Eskimo,Portugal,256
516-56-6919,Georg Klisch,Laotian,Afghanistan,289
308-09-0326,Evania Alston,Japanese,Yemen,127
653-52-9361,Cecil Lukianov,Asian,Comoros,108
648-48-6306,Valencia Fobidge,Vietnamese,Brazil,57
547-86-4666,Nicola Ceccoli,Tlingit-Haida,Portugal,340
547-08-0587,Rebekkah Fussen,Alaskan Athabascan,China,242
411-90-9684,Edgar Moar,Chickasaw,Greece,287
426-13-5864,Jean Muffett,Cambodian,Indonesia,90
182-78-4506,Alleen Renton,Micronesian,Kazakhstan,208
856-74-0789,Eunice Mingasson,American Indian and Alaska Native (AIAN),France,374
608-98-2880,Ora Pither,Nicaraguan,Philippines,63
780-69-7529,Aloysius Laight,Vietnamese,Indonesia,356
211-54-1495,Minerva Pepis,Asian Indian,Slovenia,22
800-34-3947,Octavia Witherdon,Argentinian,China,57
216-17-4498,Doll Askwith,Laotian,Nigeria,258
754-31-0946,Reagan Van Bruggen,Alaskan Athabascan,Sweden,233
428-07-5553,Isador Duthie,Salvadoran,Argentina,15
466-73-4519,Maximilianus Fratson,Cherokee,Portugal,344
540-01-9234,Kalil Baughn,Native Hawaiian,France,296
370-26-9555,Nolana McIllrick,Paiute,Philippines,149
482-59-7965,Syd Burgiss,Iroquois,Armenia,156
743-10-4543,Jaine Orrock,Central American,Portugal,281
710-40-6848,Jordon Kunneke,Cherokee,Russia,329
277-86-1927,Thom McLean,Asian Indian,Panama,14
237-64-2594,Cami Dinneen,Pakistani,China,48
247-97-8907,Wallie Braunes,Malaysian,Ukraine,169
149-83-7404,Ame Cockney,Thai,Greece,67
594-14-0927,Tracie Houliston,Cherokee,Thailand,30
637-76-3873,Berget Bason,Alaskan Athabascan,Pakistan,319
343-44-5863,Cello Newberry,Native Hawaiian,China,77
449-54-0772,Bunnie Upston,Fijian,Republic of the Congo,258
450-14-7982,Xenia Luckham,Korean,Sweden,59
362-55-3773,Dur Bohje,Native Hawaiian and Other Pacific Islander (NHPI),Brazil,189
195-52-0072,Brennen Keepence,Mexican,Indonesia,369
230-72-6442,Merci Driscoll,Houma,Brazil,339
195-35-0382,Garold Battye,Peruvian,Mexico,96
355-72-8161,Guillermo Johansen,Pakistani,Poland,296
503-65-5426,Elfrieda Cayette,Venezuelan,Afghanistan,80
455-89-9737,Alana Pieterick,Yuman,Chile,62
558-31-9273,Norman Rohloff,Apache,Russia,308
286-10-6272,Budd Bodham,Bangladeshi,China,346
512-43-5379,Bradford Branthwaite,Polynesian,United States,170
403-23-5032,Ransell Egginton,Cherokee,China,374
668-03-0329,Moll Esterbrook,Ottawa,China,216
472-87-3059,Kimmie Gaudin,Alaska Native,China,351
688-07-1340,Roze Frisby,Central American,Dominican Republic,67
849-71-9438,Joscelin Priddle,Panamanian,Nigeria,114
129-52-9954,Anthea Croad,Comanche,Indonesia,348
178-56-8167,Loni Bargh,Asian Indian,China,258
694-68-7428,Brandon Lanphier,White,Jordan,45
136-57-5752,Ursula Donisthorpe,Blackfeet,Peru,172
204-98-8676,Winne Northway,Ute,Vietnam,61
469-13-6334,Gibby Pendred,Black or African American,Indonesia,275
761-77-3894,Audra Ecob,Salvadoran,China,366
849-88-1071,Juliane Wildber,White,China,247
350-39-5873,Candace Rolfe,Nicaraguan,Mongolia,212
621-47-3768,Franklyn Torns,Chinese,Malaysia,151
874-81-8479,Bartel Klaffs,Delaware,Ukraine,373
283-05-1721,Josephine Asty,Comanche,Mexico,315
621-84-1694,Freedman Gioani,American Indian and Alaska Native (AIAN),Mexico,377
723-71-7261,Marmaduke Huckett,Hmong,Portugal,113
844-77-6696,Brock Dubber,Colville,Brazil,292
866-05-2070,Eugenie Normaville,Shoshone,China,311
781-46-2207,Denys Gavrieli,Iroquois,China,291
794-20-1677,Marcel McCrorie,Panamanian,China,8
813-22-2047,Karleen Starcks,Crow,Ukraine,5
856-59-6326,Leslie Rosen,Indonesian,Bolivia,371
204-85-5157,Flint Bunney,American Indian and Alaska Native (AIAN),France,353
212-90-0663,Gerhardt Duberry,Guatemalan,Pakistan,79
641-41-4861,Wiatt Matkin,Asian,Japan,138
416-89-5984,Martie Skyrme,Creek,Ukraine,117
811-02-3962,Janeen Kinnie,Sri Lankan,China,393
609-34-5248,Elden Korfmann,Crow,China,260
644-88-9598,Dannie Culverhouse,Osage,Uzbekistan,219
276-53-9581,Dorena Bartczak,Korean,Indonesia,92
429-05-1769,Gina Orriss,Peruvian,Kazakhstan,356
697-13-8433,Allene Overall,Malaysian,Argentina,274
220-65-0744,Davie Cloute,Navajo,Colombia,295
223-99-0282,Waylin Thomasson,Samoan,China,129
653-35-6659,Chalmers O'Coskerry,Cherokee,China,119
123-75-6340,Coop Scemp,Melanesian,China,249
616-49-2323,Hill Micklem,Eskimo,Canada,259
406-17-2546,Lydie McComiskey,Guatemalan,Bosnia and Herzegovina,57
890-98-2954,Fleming Halpine,Chippewa,Philippines,176
122-26-0223,Jillie Stapels,Cuban,Poland,258
878-57-2123,Melesa Kedward,Melanesian,Vietnam,233
786-43-5200,Adrienne McAdam,Argentinian,Indonesia,258
890-60-0393,Goldy Benedyktowicz,Pueblo,Kazakhstan,308
226-59-9385,Abra Brogi,Delaware,Canada,89
689-70-1241,Sterne Raleston,Shoshone,Sweden,259
805-40-9219,Filbert Bax,Japanese,Madagascar,88
588-69-8570,Holmes Lowseley,Comanche,Philippines,216
846-56-1022,Cary Forst,Nicaraguan,Russia,103
232-53-8773,Royce O' Meara,Bangladeshi,United States,110
525-87-7174,Ab Crankhorn,Paraguayan,Afghanistan,202
737-77-3591,Claudette Gratland,Iroquois,Laos,335
153-72-6693,Tabb Hatz,South American,Sweden,246
863-80-0740,Gerardo Darridon,Asian Indian,Malaysia,286
382-20-6067,Gothart Hawkings,Kiowa,Vietnam,393
306-98-8202,Grata Piegrome,Pueblo,Russia,97
449-47-3501,Michail Titta,Salvadoran,France,185
232-36-9959,Jackqueline Cossons,Cambodian,Poland,128
790-67-3031,Derrek Blandamore,Bolivian,China,297
157-75-1189,Guillema Cattach,Uruguayan,Guatemala,320
197-95-1140,Hallie Riddles,Kiowa,Philippines,31
440-07-0969,Marlene Swalteridge,Paraguayan,United States,159
149-58-6366,Vi Eversley,Ottawa,Brazil,45
372-29-5147,Thomasine Skyrm,Pima,Philippines,58
318-34-9152,Taddeusz Hoodlass,Venezuelan,Portugal,57
246-25-6839,Cordie Dobbins,Guamanian,Russia,268
418-60-4850,Shandie Timblett,Samoan,Poland,393
548-87-6716,Trixie Meates,Alaskan Athabascan,China,39
702-14-1519,Janna Cordoba,Colville,Philippines,358
175-38-6157,Clayton Arckoll,Ottawa,Philippines,201
522-05-3272,Aarika Sline,Ottawa,Indonesia,119
679-30-3551,Kaspar Giovanni,Spaniard,China,52
722-04-6305,Charmine Measen,Filipino,Greece,169
202-86-6777,Eleanora Carbery,Native Hawaiian and Other Pacific Islander (NHPI),Russia,340
866-31-8778,Elwin Cretney,Houma,Greece,157
558-21-4123,Austina Wonfar,Melanesian,Russia,210
812-98-0104,Jacobo Margerison,Dominican (Dominican Republic),Malaysia,231
236-28-5269,Antone Fihelly,Ottawa,Georgia,358
352-09-5892,Pete Kensall,Navajo,China,313
767-79-3032,Rafaelita Iverson,Pueblo,Argentina,293
849-67-4707,Penelopa Borres,Choctaw,Philippines,227
155-48-9275,Alidia Martine,Panamanian,China,252
877-50-6660,Estrellita Murricanes,Chippewa,China,82
390-92-4111,Xerxes Forgan,Vietnamese,Japan,298
595-40-0511,Clarinda Manz,Yaqui,China,72
839-90-6510,Bernette Roskilly,Potawatomi,China,35
488-15-1613,Susanetta Ismay,Chinese,China,116
226-45-3245,Andros Iggulden,Yuman,Poland,250
794-92-3367,Betti Rubinshtein,Colombian,France,347
486-34-0386,Dicky Boxhall,Dominican (Dominican Republic),Czech Republic,281
240-85-4226,Ban Featonby,Comanche,Argentina,181
760-22-5915,Frieda Saph,Blackfeet,Indonesia,83
410-08-0211,Shaw Denisevich,Filipino,Sweden,394
856-31-2521,Kile Kearford,Honduran,China,322
508-27-4097,Nat Fozzard,White,Sweden,333
158-55-1299,Barbaraanne Cullin,Cherokee,Japan,297
702-63-7537,Arabelle Munt,American Indian,Greece,49
767-30-7254,Lonna Valentine,Colombian,Brazil,265
425-93-8984,Chic Maddigan,Comanche,Kosovo,32
239-26-6732,Hollis Francomb,Mexican,Morocco,206
472-56-7355,Avram Gridley,Central American,China,271
434-86-6087,Sebastian Sambell,Chamorro,Chad,325
550-82-5666,Neron Mellor,Taiwanese,Uzbekistan,237
446-17-1380,Rheta Crankshaw,Korean,China,287
468-54-8636,Rey Dall,Cherokee,Uganda,171
818-68-8080,Gilda Conybear,Cheyenne,Mexico,120
221-88-0174,Marsha Tellenbach,Asian,Ukraine,247
519-61-3289,Wash Guiducci,Chippewa,China,116
141-62-6152,Paco Stening,Crow,Kazakhstan,269
730-85-9407,Stacy Mouse,Samoan,Yemen,34
320-80-8014,Danyette Hame,Crow,China,57
861-83-6894,Osbert Soppit,Sri Lankan,Sweden,142
547-04-9704,Odille Scragg,Dominican (Dominican Republic),Central African Republic,363
754-54-1756,Sisile Robecon,Nicaraguan,Poland,363
713-30-2808,Emogene Brookfield,Laotian,Brazil,351
345-87-7490,Tarra Badini,Black or African American,Slovenia,352
791-28-2662,Odie Arrighi,Ecuadorian,Chile,227
105-33-2723,Merv Laytham,Chilean,China,158
531-83-5595,Adlai Casemore,Chamorro,China,36
251-22-0818,Sisely Ruthven,Filipino,Russia,221
810-45-9206,Herve Gullen,Creek,United States,218
401-56-7246,Philippa Salle,Chickasaw,Philippines,238
347-85-1191,Didi Counsell,Colville,Indonesia,166
885-21-3840,Alleen Edgington,Puerto Rican,China,198
540-04-8217,Fiona Yesson,Iroquois,China,172
421-33-6090,Jenifer Marikhin,Bangladeshi,Bulgaria,219
848-14-9972,Randi Glabach,Salvadoran,South Africa,317
403-75-7346,Faulkner Steptowe,South American,China,157
305-39-6235,Brod Jeskin,Apache,China,31
533-40-9102,Milzie Dmitrievski,Melanesian,Poland,282
146-75-0099,Rosaleen Scaice,Chinese,Indonesia,38
779-15-7828,Yolanthe Wheildon,Polynesian,Indonesia,168
819-15-2882,Almeta Lown,Black or African American,Indonesia,85
746-24-6122,Annabela Beden,Osage,Ethiopia,256
284-09-0347,Hobart Andrea,Choctaw,Indonesia,216
324-12-5614,Reid Watting,Central American,China,23
715-13-8689,Shelby McNab,Bolivian,Indonesia,291
108-85-1489,Jami Ferreli,Potawatomi,Mexico,299
582-84-0550,Trent Babe,Aleut,Madagascar,231
154-31-1943,Mendy Eglin,Comanche,China,64
634-01-9006,Benny Tungay,Blackfeet,Russia,22
570-24-0463,Demetris Westwell,Bolivian,Indonesia,50
485-77-6010,Darin Howling,Bangladeshi,Indonesia,248
441-06-7859,Frasquito Nayshe,Argentinian,France,245
273-57-5842,Rebecca Ciraldo,Tongan,Philippines,218
283-72-6339,Dorothea Bleasby,Yaqui,Philippines,201
332-76-0929,Joly Claughton,Yuman,Panama,234
577-93-4455,Audry De Hoogh,Asian Indian,Afghanistan,87
804-45-5195,Freddie Lethley,Japanese,Netherlands,63
324-99-9780,Alika Giamelli,Tohono O'Odham,Iran,345
312-36-5460,Rowland Probetts,Korean,Argentina,107
411-82-1722,Cobbie Azema,Eskimo,France,124
314-15-1782,Demetris Soares,Paraguayan,Russia,235
813-44-9901,Kev Ould,Navajo,Serbia,234
307-77-1794,Tailor De Santos,Guatemalan,Albania,331
311-44-1822,Ivar Remnant,Korean,China,375
110-48-9904,Marin Akker,Vietnamese,China,155
243-30-9297,Faun Clampton,Menominee,China,225
433-74-6197,Cinda Ney,Thai,Indonesia,61
886-76-2802,Stephanie Duplain,Malaysian,China,276
389-74-6842,Hirsch Haselup,Spaniard,Nigeria,400
186-57-4988,Royce Gelling,Asian Indian,France,35
459-42-4686,Esdras Mellor,Japanese,Russia,148
523-40-9218,Marion Giorgini,Mexican,China,378
344-81-1449,Alika Wiszniewski,American Indian and Alaska Native (AIAN),Cameroon,61
665-48-2328,Care Irlam,Pima,France,274
379-97-0742,Emery Yakubov,Osage,China,61
361-26-1639,Alvie McCready,Apache,Indonesia,267
895-74-9079,Delinda Ladds,Pima,France,52
605-47-2055,Fidelio Fears,Alaska Native,Tunisia,248
439-82-6328,Nial Daniels,Guatemalan,South Africa,135
585-63-2721,Bab Adenot,Sri Lankan,Croatia,354
553-77-4497,Hall Daud,Alaskan Athabascan,Angola,46
784-33-2991,Dannie Shaxby,Puget Sound Salish,Argentina,44
100-64-8391,Benjamen Shea,Panamanian,Serbia,330
784-98-8237,Lowell Innes,Menominee,Indonesia,348
588-83-0225,Kirby Barroux,Honduran,Luxembourg,67
686-34-3235,Jarad Guillond,Indonesian,China,399
113-91-6423,Deanna Lattimer,Navajo,Indonesia,169
864-03-7106,Tadio Staterfield,Navajo,Azerbaijan,304
262-85-5987,Liz Sturney,Chippewa,Colombia,281
806-60-1791,Guthrie Renak,Tohono O'Odham,Australia,209
614-71-9719,Sean Powley,Pueblo,Peru,196
738-85-1158,Tate Boribal,Cambodian,Aland Islands,296
861-61-5569,Elisabeth Shurrock,Menominee,Philippines,225
639-25-5336,Townsend How to preserve,Yaqui,Vietnam,108
518-61-9484,Nanice Haysom,Iroquois,China,378
628-57-4124,Curt Hundal,Comanche,Brazil,279
608-84-2067,Danya Arrell,Japanese,Argentina,147
845-47-1459,Betteann Frankema,Argentinian,China,161
209-24-0346,Pearle Youll,South American,Portugal,198
660-78-7548,Chantalle Fairlem,Spaniard,Russia,365
197-97-4160,Maritsa Glanders,American Indian,Philippines,188
736-63-1963,Lance Pietzke,Pueblo,Russia,228
165-97-9350,Darcey Reddick,Native Hawaiian,Philippines,354
564-70-3617,Dani Bramah,Tohono O'Odham,Saudi Arabia,138
891-04-9937,Scottie Kochlin,South American,Philippines,133
839-55-9735,Cross Duggen,Taiwanese,Mongolia,134
838-61-0322,Lanie Skelington,Kiowa,France,22
199-99-3958,Gustave Gallahue,Choctaw,Philippines,301
532-59-7762,Ninette Amos,Menominee,Colombia,274
359-42-4816,Opal Lambden,Crow,Ireland,190
564-54-7928,Ly Woodnutt,Chilean,Czech Republic,365
514-10-2251,Selena Dillicate,Fijian,Luxembourg,177
206-70-3655,William Alenichev,Osage,Uganda,2
442-08-4061,Yuri Anstead,Menominee,Portugal,235
834-25-5142,Eryn Krelle,Navajo,Philippines,140
531-11-0821,Goran Peterson,Korean,Indonesia,232
748-78-6635,Abby Abrami,Colombian,Indonesia,361
297-70-1306,Charis Pawelski,Comanche,Uzbekistan,350
785-21-6302,Kalli Strewthers,Laotian,Philippines,124
376-48-1278,Chevalier Deverall,Sioux,French Polynesia,133
875-63-7851,Tomas Oller,Native Hawaiian,Poland,208
415-04-6913,Jorry Twiddy,Blackfeet,Tanzania,221
819-35-9249,Engracia Harlick,Comanche,United States,292
501-49-2972,Iris Hackleton,Laotian,China,383
513-57-6639,Maurene MacHarg,Asian,Brazil,249
246-27-9756,Shandra Culross,Kiowa,China,251
242-05-8965,Geoff Rosenblath,Venezuelan,Ukraine,187
241-68-4048,Christoph Laville,Iroquois,United States,271
781-27-4630,Faina Hay,Korean,Canada,308
723-09-2583,Franciskus Kemmis,Japanese,Vietnam,2
400-29-5028,Say Capstaff,Sri Lankan,China,395
127-64-3849,Othilia Casiero,Mexican,Argentina,272
880-77-7349,Daveen Zorn,Blackfeet,Philippines,166
613-68-2823,Tarrance Maggi,Chippewa,Argentina,394
807-52-1747,Samaria Branca,Melanesian,China,263
269-70-6989,Kennett Phython,Korean,China,373
470-92-9516,Dukey Hayller,Samoan,Czech Republic,302
652-80-2109,Averyl Crouse,Pueblo,China,140
523-95-6432,Bourke Boother,Latin American Indian,Indonesia,368
739-09-3913,Flin Batch,Tlingit-Haida,Peru,229
451-05-5272,Charlotta Gossart,Laotian,Libya,384
445-10-1429,Rorie Bemwell,Korean,Indonesia,137
408-06-5598,Elfreda Lapsley,Eskimo,Japan,103
447-89-1689,Lynnett Gavriel,Choctaw,United States,134
584-03-3174,Hayley Huyton,Potawatomi,Czech Republic,268
338-63-7266,Cynthia Nellis,Cheyenne,Indonesia,81
772-26-2933,Malva Scholar,Kiowa,Russia,20
683-85-0086,Zane Philippault,Venezuelan,Russia,332
693-80-2889,Dagny Lowater,Osage,Indonesia,199
892-77-3500,Bettina Cranidge,Hmong,Malaysia,292
470-70-0798,Estevan Keech,Indonesian,Syria,387
741-11-6944,Porter Andreucci,Venezuelan,Luxembourg,366
348-18-5580,Fee Cheetam,Ottawa,Greece,150
405-98-6149,Ericka Chishull,Costa Rican,China,329
451-30-8302,Myrle Stoller,Yuman,China,227
862-20-7664,Svend Everton,Sri Lankan,Indonesia,303
403-59-6044,Lucio Lesek,Native Hawaiian and Other Pacific Islander (NHPI),Colombia,126
491-22-6881,Lyda McVitty,Shoshone,Mauritius,381
817-80-9876,Rutter Locard,Malaysian,China,226
624-96-2183,Talia Coxon,Ottawa,Indonesia,186
645-17-5752,Clarice Binge,Japanese,China,104
476-65-8053,Madeline Killerby,Chickasaw,Philippines,148
594-23-2723,Law Greally,Cambodian,Saudi Arabia,16
604-22-6097,Johnath Vance,Bolivian,Indonesia,196
881-26-8302,Baillie Conor,Guamanian,Indonesia,117
120-61-5035,Kacy Dunsire,Cheyenne,Russia,100
424-12-5490,Loella Culpen,Yuman,Poland,377
873-35-2723,Loren Salerno,Tlingit-Haida,Greece,209
510-19-7801,Sharlene Growden,Hmong,Iran,94
750-85-9878,Harper Garnar,Chilean,Indonesia,323
764-55-0675,Madelaine Tows,Fijian,China,159
886-96-3652,Rodi Toe,Chippewa,Malaysia,60
378-04-7535,Ivar Adne,Paraguayan,Indonesia,348
654-13-8873,Stepha Gartshore,Bolivian,China,292
734-02-8566,Susann Livock,Native Hawaiian and Other Pacific Islander (NHPI),Greece,33
867-04-9772,Lurleen Cartmel,Panamanian,Sweden,140
598-32-5692,Basil Gambles,Colombian,South Africa,133
778-89-2308,Davie Scotcher,Blackfeet,Kazakhstan,249
790-46-2273,Ellery Thorn,Central American,China,46
741-88-4383,Elmo Grassi,Tlingit-Haida,Brazil,177
187-32-0038,Marylynne Lundbeck,Ecuadorian,China,110
388-34-3512,Clarence Hofner,Paraguayan,Philippines,116
254-11-0932,Tuesday Pagelsen,Black or African American,Slovenia,160
684-06-8745,Tonnie Stubley,Alaska Native,Russia,368
126-57-7146,Sheff Cordes,Mexican,Indonesia,161
414-12-2037,Abbot Phinnis,Creek,Czech Republic,194
474-76-0665,Marchall Murton,Seminole,Nigeria,170
698-22-5188,Oralle Josilowski,Paiute,Greece,105
434-69-6109,Melessa Hursthouse,Cuban,Costa Rica,370
177-56-7353,Shay Latey,Japanese,Canada,329
616-76-1455,Leora Burfoot,Chilean,Philippines,23
132-80-6162,Dreddy Tranter,Crow,United States,60
894-15-7487,Dannel Pike,Tongan,Brazil,339
883-74-7504,Yoshiko Penk,Ottawa,Greece,319
587-29-8672,Marjory Kirmond,Sioux,Thailand,390
253-13-1056,Daniel Cardiff,Melanesian,China,38
320-22-7993,Yolande Cinderey,Cuban,Czech Republic,73
644-09-5654,Normy Layne,Eskimo,Portugal,361
433-54-9746,Myles Sporle,Chilean,Canada,261
472-08-5412,Jefferey Creggan,Colville,Hong Kong,149
726-38-2766,Marne Kettleson,Asian,China,98
409-73-0922,Ainslie Farlambe,Honduran,Nigeria,75
162-96-9062,Betty Birt,Samoan,France,324
293-28-4701,Maggi Egginton,Malaysian,Tunisia,244
726-28-8875,Adara Hache,Puget Sound Salish,Cuba,355
685-74-3775,Leticia Bengoechea,American Indian and Alaska Native (AIAN),Syria,165
237-65-0071,Andriana Gibbett,Melanesian,Mongolia,357
113-37-3040,Maje Tissington,Bangladeshi,Portugal,117
402-24-9969,Domini Mendes,Bolivian,Portugal,308
608-98-9064,Tiphany Bavage,Crow,Vietnam,135
379-90-4744,Raye Gilbanks,Potawatomi,China,235
710-61-4105,Audry Birkenshaw,Menominee,Belarus,204
395-52-8341,Benoite Brick,Pueblo,China,132
846-28-6682,Quinn De Luna,Melanesian,Sweden,6
124-72-8073,Roch Cumo,Lumbee,Indonesia,312
802-73-7451,Eadie Hadfield,Ecuadorian,Japan,387
846-10-7603,Gordy Gurdon,Chamorro,China,243
284-13-8177,Amanda Cripin,Tohono O'Odham,Portugal,15
609-43-2710,Andria Audibert,Sioux,China,225
623-16-8036,Kyrstin Bamell,Asian,Sweden,351
484-69-2586,Obed Farrer,Kiowa,Thailand,233
505-18-9723,Tamarra Jancik,Costa Rican,Indonesia,163
100-15-0084,Arda Kitchiner,Pakistani,Indonesia,10
225-74-7788,Allie Rugg,Ecuadorian,China,127
611-49-9960,Leia Lockhart,Asian,Indonesia,228
380-69-8353,Juliet Joe,Ecuadorian,Antigua and Barbuda,107
144-82-4597,Kelsey Starcks,Yuman,Colombia,154
838-01-3315,Giralda Esherwood,Samoan,Morocco,253
670-30-0167,Mignon Tooting,Sri Lankan,Indonesia,267
600-01-2245,Thaddus Grason,Cheyenne,United States,160
104-68-0470,Stern Longwood,Yakama,China,193
707-77-0624,Guinevere Tripean,Choctaw,United States,170
202-14-6176,Ira Dutton,Indonesian,Ukraine,114
180-74-2316,Jaquenetta Robus,Salvadoran,Morocco,308
107-23-0295,Kathy Bellord,Taiwanese,China,110
325-32-4544,Gayla Gullefant,Houma,Macedonia,210
506-33-5235,Alvan Munkley,Shoshone,Brazil,22
139-60-2955,Zabrina Atkins,Native Hawaiian and Other Pacific Islander (NHPI),Brazil,59
367-80-9692,Ondrea Halfhide,Navajo,China,110
895-11-9959,Brook Dykins,Colombian,Finland,335
157-24-9365,Durante Loade,Filipino,China,108
866-97-4425,Madelene Zuann,Honduran,Argentina,170
884-85-4021,Andrea Leates,Latin American Indian,Georgia,6
835-80-1757,Eric Trasler,Honduran,Indonesia,155
503-80-8177,Gabrila Milburne,Thai,Chile,269
104-43-8636,Pincas Newcomb,Chamorro,Spain,261
649-74-4310,Harmony Alsford,Asian,France,320
161-50-4983,Francoise Fildes,Indonesian,China,128
636-43-6401,Mathilda Trinke,Cherokee,Sweden,79
534-21-8261,Jacki Nassau,Black or African American,Kazakhstan,33
625-26-2714,Lucias Gumey,Cherokee,Sweden,172
613-84-9910,Marylou Forestel,Venezuelan,Vietnam,8
869-53-0465,Mervin Varndall,Nicaraguan,Portugal,202
160-72-5047,Anselma Fontenot,Delaware,Ukraine,169
